{"state_form-s1": {"events": {"formstep": "true"}, "form": {"name": "form", "stepName": "s1"}, "page": {"hierarchy": "s1", "name": "s1"}, "product": [{"adjudication": "3455", "fulfilment": "esig", "grouping": "bundle-id", "id": "123", "paperless": "", "parentproduct": "234", "positioning": "upsell"}], "transaction": [{"id": "", "items": [{"amount": "", "from": "sdewrwe", "isExternal": "true", "to": "werwerwe", "unit": ""}]}]}, "state_form-s2": {"events": {"formstep": "true"}, "form": {"name": "form", "stepName": "s2"}, "page": {"hierarchy": "s2", "name": "s2"}, "product": [{"adjudication": "fvdfv", "fulfilment": "esig", "grouping": "bundle-id", "id": "dvv", "paperless": "", "parentproduct": "dfvdf", "positioning": "upsell"}], "transaction": [{"id": "", "items": [{"amount": "", "from": "wrfwerwer", "isExternal": "true", "to": "wrfwerwe", "unit": ""}]}]}, "state_page1": {"page": {"hierarchy": "test", "name": "page1"}}}