{"state_change-business-address.details_screen": {"page": {"hierarchy": "['change-business-address', 'details']", "name": "change-business-address.details"}}, "state_create-account_screen": {"page": {"hierarchy": "['create-account']", "name": "create-account"}}, "state_direct-debit-usd-agreement_screen": {"page": {"hierarchy": "['direct-debit-usd-agreement']", "name": "direct-debit-usd-agreement"}}, "state_faq_screen": {"page": {"hierarchy": "['faq']", "name": "faq"}}, "state_forgot-password_screen": {"page": {"hierarchy": "['forgot-password']", "name": "forgot-password"}}, "state_help_screen": {"page": {"hierarchy": "['help']", "name": "help"}}, "state_login_screen": {"page": {"hierarchy": "['login']", "name": "login"}}, "state_logout_screen": {"page": {"hierarchy": "['logout']", "name": "logout"}}, "state_payer-details_screen": {"events": {"formStep": "true"}, "forms": {"name": "internation-student-payments", "stepName": "payer-details"}, "page": {"hierarchy": "payer-details", "name": "payer-details"}}, "state_payment-options_screen": {"events": {"formStep": "true"}, "forms": {"name": "internation-student-payments", "stepName": "payment-options"}, "page": {"hierarchy": "payment-options", "name": "payment-options"}}, "state_reset-password_screen": {"page": {"hierarchy": "['reset-password']", "name": "reset-password"}}, "state_start_screen": {"events": {"formStep": "true", "formView": "true"}, "forms": {"name": "internation-student-payments", "stepName": "make-payment"}, "page": {"hierarchy": "start", "name": "make-payment"}}, "state_student-details_screen": {"events": {"formStep": "true"}, "forms": {"name": "internation-student-payments", "stepName": "student-details"}, "page": {"hierarchy": "student-details", "name": "student-details"}}, "state_summary_screen": {"page": {"hierarchy": "['summary']", "name": "summary"}}, "state_terms-conditions_screen": {"page": {"hierarchy": "['terms-conditions']", "name": "terms-conditions"}}, "state_track-payment_screen": {"page": {"hierarchy": "['track-payment']", "name": "track-payment"}}}